Type,Buy Amount,Buy Currency,Sell Amount,Sell Currency,Fee,Fee Currency,Exchange,Trade Group,Comment,Date,Tx-ID,Buy Value in your Account Currency,Sell Value in your Account Currency
Mining,1.339e-05,HNT2,,,,,Helium,,Block 825527,2021-05-01 01:06:13,,0.00022999105870000002,
Mining,1.773e-05,HNT2,,,,,Helium,,Block 825632,2021-05-01 02:43:30,,0.00029999160000000004,
Mining,0.051639290000000004,HNT2,,,,,Helium,,Block 825764,2021-05-01 04:40:24,,0.8737367868000001,
Mining,3.378e-05,HNT2,,,,,Helium,,Block 825878,2021-05-01 07:11:32,,0.0005800026,
Mining,13.02083333,HNT2,,,,,Helium,,Block 825915,2021-05-01 07:43:31,,223.56770827610003,
Mining,13.02083333,HNT2,,,,,Helium,,Block 825948,2021-05-01 08:12:36,,223.4374999428,
Mining,13.0208549,HNT2,,,,,Helium,,Block 825995,2021-05-01 08:52:55,,223.33891158676,
Mining,0.06345448,HNT2,,,,,Helium,,Block 826069,2021-05-01 09:57:33,,1.0876097872,
Mining,0.04369021,HNT2,,,,,Helium,,Block 826104,2021-05-01 10:28:25,,0.7405490594999999,
Mining,1.888e-05,HNT2,,,,,Helium,,Block 826143,2021-05-01 11:03:03,,0.00032001599999999995,
Mining,2.213e-05,HNT2,,,,,Helium,,Block 826260,2021-05-01 12:49:41,,0.00037001359999999997,
Mining,0.0357397,HNT2,,,,,Helium,,Block 826366,2021-05-01 14:22:21,,0.596495593,
Mining,2.457e-05,HNT2,,,,,Helium,,Block 826550,2021-05-01 17:10:15,,0.0004090905,
Mining,1.88e-05,HNT2,,,,,Helium,,Block 826653,2021-05-01 19:23:52,,0.00031001199999999997,
Mining,1.914e-05,HNT2,,,,,Helium,,Block 826771,2021-05-01 21:11:24,,0.00032002079999999996,
Mining,0.03664328,HNT2,,,,,Helium,,Block 826852,2021-05-01 22:24:45,,0.6120882498216,
Mining,0.04325088,HNT2,,,,,Helium,,Block 826911,2021-05-01 23:18:35,,0.7214246783999999,
Mining,2.151e-05,HNT2,,,,,Helium,,Block 827012,2021-05-02 00:52:34,,0.00036001071899999996,
Mining,1.852e-05,HNT2,,,,,Helium,,Block 827117,2021-05-02 02:27:10,,0.00030996738799999994,
Mining,1.314e-05,HNT2,,,,,Helium,,Block 827264,2021-05-02 04:42:21,,0.00021992286599999998,
Mining,2.706e-05,HNT2,,,,,Helium,,Block 827386,2021-05-02 07:23:38,,0.00044998074,
Mining,0.053012000000000004,HNT2,,,,,Helium,,Block 827491,2021-05-02 09:30:54,,0.92717988,
Mining,1.932e-05,HNT2,,,,,Helium,,Block 827621,2021-05-02 11:32:16,,0.00034003586400000005,
Mining,0.05466505,HNT2,,,,,Helium,,Block 827720,2021-05-02 13:28:00,,0.96211581301,
Mining,3.239e-05,HNT2,,,,,Helium,,Block 827778,2021-05-02 14:26:43,,0.000570070478,
Mining,3.125e-05,HNT2,,,,,Helium,,Block 827850,2021-05-02 15:42:51,,0.00055000625,
Mining,0.14777765,HNT2,,,,,Helium,,Block 828076,2021-05-02 19:44:07,,2.825139223875,
Mining,2.352e-05,HNT2,,,,,Helium,,Block 828116,2021-05-02 20:25:28,,0.00044999639999999995,
Mining,7.43e-06,HNT2,,,,,Helium,,Block 828259,2021-05-02 22:46:19,,0.00013992833555,
Mining,1.43e-05,HNT2,,,,,Helium,,Block 828339,2021-05-03 00:20:49,,0.00026998399999999997,
Mining,1.429e-05,HNT2,,,,,Helium,,Block 828377,2021-05-03 00:57:33,,0.000270081,
Mining,0.05820849,HNT2,,,,,Helium,,Block 828484,2021-05-03 02:38:29,,1.0780998162615,
Mining,0.03976226,HNT2,,,,,Helium,,Block 828537,2021-05-03 03:36:30,,0.7416512402364,
Mining,0.04809722,HNT2,,,,,Helium,,Block 828620,2021-05-03 05:04:48,,0.8958044698614002,
Mining,0.05311527,HNT2,,,,,Helium,,Block 828761,2021-05-03 07:25:46,,0.989176296264,
Mining,0.03684454,HNT2,,,,,Helium,,Block 828799,2021-05-03 08:05:57,,0.6861632373280001,
Mining,2.1430000000000003e-05,HNT2,,,,,Helium,,Block 828840,2021-05-03 08:44:16,,0.00040014096000000007,
Mining,0.90122823,HNT2,,,,,Helium,,Block 828980,2021-05-03 10:59:24,,17.2703717557245,
Mining,0.6913724099999999,HNT2,,,,,Helium,,Block 829085,2021-05-03 12:46:34,,13.183386404016298,
Mining,2.3129999999999997e-05,HNT2,,,,,Helium,,Block 829133,2021-05-03 13:29:02,,0.0004399325999999999,
Mining,0.12052734,HNT2,,,,,Helium,,Block 829208,2021-05-03 14:36:38,,2.2912247334,
Mining,0.04016601,HNT2,,,,,Helium,,Block 829261,2021-05-03 15:26:11,,0.7699824117000001,
Mining,0.33737969,HNT2,,,,,Helium,,Block 829300,2021-05-03 16:00:53,,6.434841558822365,
Mining,2.164e-05,HNT2,,,,,Helium,,Block 829334,2021-05-03 16:31:54,,0.00041010399959439997,
Mining,0.06748194,HNT2,,,,,Helium,,Block 829470,2021-05-03 18:45:47,,1.2600227836800002,
Mining,1.6200000000000002e-06,HNT2,,,,,Helium,,Block 829646,2021-05-03 23:35:42,,2.9937600000000003e-05,
Mining,4.766e-05,HNT2,,,,,Helium,,Block 829720,2021-05-04 03:42:39,,0.0008699544227,
Mining,0.03700973,HNT2,,,,,Helium,,Block 829761,2021-05-04 04:45:27,,0.676263992398,
Mining,2.147e-05,HNT2,,,,,Helium,,Block 829851,2021-05-04 07:02:36,,0.00037998915669999994,
Mining,2.239e-05,HNT2,,,,,Helium,,Block 829968,2021-05-04 09:00:01,,0.00040004548849999997,
Mining,0.28531215,HNT2,,,,,Helium,,Block 830076,2021-05-04 10:40:10,,5.266034883765,
Mining,2.1130000000000003e-05,HNT2,,,,,Helium,,Block 830110,2021-05-04 11:09:11,,0.00038762985000000003,
Mining,0.06538454,HNT2,,,,,Helium,,Block 830154,2021-05-04 11:46:34,,1.1899986280000001,
Mining,2.3400000000000003e-05,HNT2,,,,,Helium,,Block 830212,2021-05-04 12:42:46,,0.0004299786796500001,
Mining,1.17658287,HNT2,,,,,Helium,,Block 830287,2021-05-04 13:49:51,,21.719719780200002,
Mining,0.05044954,HNT2,,,,,Helium,,Block 830331,2021-05-04 14:31:37,,0.928402704804,
Mining,0.0609267,HNT2,,,,,Helium,,Block 830432,2021-05-04 16:01:44,,1.12714395,
Mining,0.04084434,HNT2,,,,,Helium,,Block 830473,2021-05-04 16:49:55,,0.7637891579999999,
Mining,0.05500554999999999,HNT2,,,,,Helium,,Block 830590,2021-05-04 18:46:59,,0.9491152646949998,
Mining,0.39741172999999996,HNT2,,,,,Helium,,Block 830697,2021-05-04 20:29:15,,6.704322603599983,
Mining,1.769e-05,HNT2,,,,,Helium,,Block 830732,2021-05-04 21:06:28,,0.00029993394999999995,
Mining,0.05573811,HNT2,,,,,Helium,,Block 830842,2021-05-04 23:18:48,,0.9590432978064001,
Mining,2.2230000000000002e-05,HNT2,,,,,Helium,,Block 830976,2021-05-05 01:53:53,,0.00037991070000000004,
Mining,0.05421363,HNT2,,,,,Helium,,Block 831088,2021-05-05 03:34:40,,0.9411486168,
Mining,1.651e-05,HNT2,,,,,Helium,,Block 831229,2021-05-05 05:39:02,,0.00028993211,
Mining,0.5165381000000001,HNT2,,,,,Helium,,Block 831331,2021-05-05 07:13:40,,8.972266797000003,
Mining,0.08691178,HNT2,,,,,Helium,,Block 831422,2021-05-05 08:37:54,,1.503573794,
Mining,2.073e-05,HNT2,,,,,Helium,,Block 831461,2021-05-05 09:12:46,,0.00035997644999999996,
Mining,0.05587423,HNT2,,,,,Helium,,Block 831527,2021-05-05 10:11:57,,0.9683004058999999,
Mining,2.2460000000000002e-05,HNT2,,,,,Helium,,Block 831565,2021-05-05 10:45:51,,0.00039001789999999997,
Mining,2.239e-05,HNT2,,,,,Helium,,Block 831597,2021-05-05 11:13:22,,0.000390047234,
Mining,0.08182602,HNT2,,,,,Helium,,Block 831680,2021-05-05 12:30:19,,1.43694673722,
Mining,2.563e-05,HNT2,,,,,Helium,,Block 831713,2021-05-05 12:58:56,,0.00045008843,
Mining,2.506e-05,HNT2,,,,,Helium,,Block 831823,2021-05-05 14:37:40,,0.00044007866,
Mining,0.05579046,HNT2,,,,,Helium,,Block 831876,2021-05-05 15:22:44,,0.97973626806,
Mining,2.3919999999999998e-05,HNT2,,,,,Helium,,Block 831964,2021-05-05 16:39:18,,0.00042005912,
Mining,0.05868646,HNT2,,,,,Helium,,Block 832007,2021-05-05 17:16:11,,1.03059292406,
Mining,2.6759999999999998e-05,HNT2,,,,,Helium,,Block 832073,2021-05-05 18:16:50,,0.00046993235999999997,
Mining,0.04816711,HNT2,,,,,Helium,,Block 832111,2021-05-05 18:54:08,,0.84586261871,
Mining,0.74332463,HNT2,,,,,Helium,,Block 832155,2021-05-05 19:33:44,,13.051972100098645,
Mining,2.05e-05,HNT2,,,,,Helium,,Block 832188,2021-05-05 20:04:07,,0.00035998,
Mining,0.06855975,HNT2,,,,,Helium,,Block 832351,2021-05-05 22:32:12,,1.235446695,
Mining,0.04147356,HNT2,,,,,Helium,,Block 832863,2021-05-06 11:10:21,,0.7498378174439999,
Mining,4.1910000000000004e-05,HNT2,,,,,Helium,,Block 833072,2021-05-06 14:41:15,,0.00077005434,
Mining,1.07997531,HNT2,,,,,Helium,,Block 833272,2021-05-06 17:45:01,,19.933865171675155,
Mining,2.322e-05,HNT2,,,,,Helium,,Block 833312,2021-05-06 18:25:16,,0.00042990640067880006,
Mining,0.04455601,HNT2,,,,,Helium,,Block 833352,2021-05-06 19:12:41,,0.8209333452475,
Mining,1.317e-05,HNT2,,,,,Helium,,Block 833540,2021-05-06 22:33:36,,0.00023001896899499995,
Mining,1.313e-05,HNT2,,,,,Helium,,Block 833578,2021-05-06 23:25:10,,0.0002300250905238,
Mining,0.13719858000000001,HNT2,,,,,Helium,,Block 833626,2021-05-07 00:15:19,,2.3887507565220005,
Mining,1.206e-05,HNT2,,,,,Helium,,Block 833812,2021-05-07 03:24:47,,0.00020984399999999996,
Mining,0.04655717,HNT2,,,,,Helium,,Block 833886,2021-05-07 04:36:13,,0.813847265902,
Mining,0.04794983,HNT2,,,,,Helium,,Block 833920,2021-05-07 05:08:10,,0.8413597596538974,
Mining,1.11623322,HNT2,,,,,Helium,,Block 833959,2021-05-07 05:45:38,,19.660572898490404,
Mining,0.04587718,HNT2,,,,,Helium,,Block 834100,2021-05-07 08:01:23,,0.7858015429824998,
Mining,0.20110514,HNT2,,,,,Helium,,Block 834171,2021-05-07 09:10:55,,3.468565982065836,
Mining,0.05293145,HNT2,,,,,Helium,,Block 834204,2021-05-07 09:39:43,,0.916042010153556,
Mining,0.32040303000000003,HNT2,,,,,Helium,,Block 834283,2021-05-07 10:51:50,,5.61428676420831,
Mining,0.05244233,HNT2,,,,,Helium,,Block 834391,2021-05-07 12:52:45,,0.9185295076432,
Mining,0.05585878,HNT2,,,,,Helium,,Block 834465,2021-05-07 14:05:03,,0.9859074669999999,
Mining,0.91687152,HNT2,,,,,Helium,,Block 834534,2021-05-07 15:16:05,,16.2213001005552,
Mining,0.39002352,HNT2,,,,,Helium,,Block 834653,2021-05-07 17:11:54,,6.981421008,
Mining,1.14039689,HNT2,,,,,Helium,,Block 834692,2021-05-07 17:47:38,,20.3797021060919,
Mining,0.05910548,HNT2,,,,,Helium,,Block 834728,2021-05-07 18:19:23,,1.065376277,
Mining,3.495e-05,HNT2,,,,,Helium,,Block 834762,2021-05-07 18:50:48,,0.00062997375,
Mining,0.6639536800000001,HNT2,,,,,Helium,,Block 834949,2021-05-07 22:15:03,,11.984363924000002,
Mining,1.7310000000000002e-05,HNT2,,,,,Helium,,Block 835023,2021-05-07 23:22:22,,0.00031002210000000006,
Mining,0.04937388,HNT2,,,,,Helium,,Block 835076,2021-05-08 00:08:57,,0.8793488027999999,
Mining,1.324e-05,HNT2,,,,,Helium,,Block 835273,2021-05-08 03:21:10,,0.0002299396096,
Mining,0.04827689,HNT2,,,,,Helium,,Block 835415,2021-05-08 06:24:37,,0.8649026917194,
Mining,0.04716093,HNT2,,,,,Helium,,Block 835509,2021-05-08 07:59:24,,0.846001058898,
Mining,0.06078522,HNT2,,,,,Helium,,Block 835684,2021-05-08 10:33:36,,1.0740748374000002,
Mining,4.0140000000000005e-05,HNT2,,,,,Helium,,Block 835755,2021-05-08 11:34:22,,0.0007200554040000002,
Mining,0.15046602,HNT2,,,,,Helium,,Block 835834,2021-05-08 12:41:21,,2.6948464182,
Mining,3.721e-05,HNT2,,,,,Helium,,Block 836014,2021-05-08 15:26:58,,0.0006599658978494999,
Mining,3.276e-05,HNT2,,,,,Helium,,Block 836250,2021-05-08 19:10:53,,0.0005893523999999999,
Mining,0.48188861,HNT2,,,,,Helium,,Block 836308,2021-05-08 20:05:27,,8.6306250051,
Mining,0.05949486,HNT2,,,,,Helium,,Block 836341,2021-05-08 20:36:48,,1.0453246902,
Mining,1.384e-05,HNT2,,,,,Helium,,Block 836567,2021-05-09 00:37:04,,0.000240124,
Mining,8.71e-06,HNT2,,,,,Helium,,Block 836732,2021-05-09 04:00:54,,0.00015006136729999998,
Mining,2.092e-05,HNT2,,,,,Helium,,Block 837026,2021-05-09 09:00:42,,0.00035009013319999997,
Mining,0.05963808,HNT2,,,,,Helium,,Block 837136,2021-05-09 10:43:28,,1.0084799328,
Mining,1.654e-05,HNT2,,,,,Helium,,Block 837269,2021-05-09 12:39:42,,0.00027985680000000004,
Mining,1.3719300900000002,HNT2,,,,,Helium,,Block 837354,2021-05-09 13:54:02,,23.185618521000002,
Mining,1.39557014,HNT2,,,,,Helium,,Block 837504,2021-05-09 16:23:12,,23.347888442200002,
Mining,0.03826903,HNT2,,,,,Helium,,Block 837637,2021-05-09 18:55:07,,0.6501908197,
Mining,0.07648538,HNT2,,,,,Helium,,Block 837696,2021-05-09 19:57:21,,1.3101945594,
Mining,0.30885181,HNT2,,,,,Helium,,Block 837732,2021-05-09 20:35:40,,5.2998970596,
Mining,0.26981636,HNT2,,,,,Helium,,Block 837888,2021-05-09 23:09:24,,4.5398491284519995,
Mining,0.035905120000000006,HNT2,,,,,Helium,,Block 837928,2021-05-09 23:48:07,,0.6036168441782961,
Mining,2.904e-05,HNT2,,,,,Helium,,Block 837962,2021-05-10 00:19:54,,0.0004899048,
Mining,0.04334708,HNT2,,,,,Helium,,Block 838151,2021-05-10 03:35:58,,0.7273330092378001,
Mining,0.94510714,HNT2,,,,,Helium,,Block 838199,2021-05-10 04:18:38,,15.902532990006659,
Mining,0.05722907,HNT2,,,,,Helium,,Block 838490,2021-05-10 08:48:37,,0.9702894809875782,
Mining,0.19575139,HNT2,,,,,Helium,,Block 838664,2021-05-10 11:33:04,,3.5619020800095,
Mining,0.09729734,HNT2,,,,,Helium,,Block 838698,2021-05-10 12:05:36,,1.770427263507,
Mining,0.04933998,HNT2,,,,,Helium,,Block 838880,2021-05-10 15:27:46,,0.8860091223555,
Mining,0.04933998,HNT2,,,,,Helium,,Block 838880,2021-05-10 15:27:46,,0.8860091223555,
Withdrawal,,,25.0,HNT2,0.019279627610092716,HNT2,Helium,,Block 838989,2021-05-10 17:56:45,,,453.84694025
Mining,0.05325853,HNT2,,,,,Helium,,Block 838993,2021-05-10 18:07:35,,0.9671938813468243,
Mining,0.17177287,HNT2,,,,,Helium,,Block 839096,2021-05-10 19:46:51,,3.0984441822460997,
Mining,1.01912978,HNT2,,,,,Helium,,Block 839146,2021-05-10 20:36:17,,18.257022096098503,
Mining,3.659e-05,HNT2,,,,,Helium,,Block 839200,2021-05-10 21:34:34,,0.00063762118195,
Mining,0.06133023,HNT2,,,,,Helium,,Block 839271,2021-05-10 22:51:48,,1.061957464542,
Mining,0.9228740599999999,HNT2,,,,,Helium,,Block 839412,2021-05-11 02:48:59,,15.01331520808,
Mining,0.0550648,HNT2,,,,,Helium,,Block 839476,2021-05-11 03:55:32,,0.8918796097679998,
Mining,1.232e-05,HNT2,,,,,Helium,,Block 839761,2021-05-11 08:43:17,,0.0001999867472064,
Withdrawal,,,21.0,HNT2,0.021571190011676174,HNT2,Helium,,Block 839779,2021-05-11 09:08:09,,,340.73224500000003
Mining,0.05006583,HNT2,,,,,Helium,,Block 839799,2021-05-11 09:29:06,,0.8122477492588499,
Mining,0.03921083,HNT2,,,,,Helium,,Block 839834,2021-05-11 10:02:41,,0.6364603898525001,
Mining,4.4279999999999996e-05,HNT2,,,,,Helium,,Block 839917,2021-05-11 11:27:03,,0.0007300003013999999,
Mining,0.04101964,HNT2,,,,,Helium,,Block 840052,2021-05-11 13:44:37,,0.6833872024000001,
Mining,0.04331638,HNT2,,,,,Helium,,Block 840101,2021-05-11 14:40:20,,0.7264156926,
Mining,4.486e-05,HNT2,,,,,Helium,,Block 840134,2021-05-11 15:22:42,,0.0007400541787238,
Mining,0.04117505,HNT2,,,,,Helium,,Block 840332,2021-05-11 19:51:03,,0.6892215445657499,
Mining,0.14167355,HNT2,,,,,Helium,,Block 840367,2021-05-11 20:51:29,,2.3729738763445005,
Mining,2.682e-05,HNT2,,,,,Helium,,Block 840416,2021-05-11 22:08:21,,0.00045003960000000005,
Mining,0.05153755,HNT2,,,,,Helium,,Block 840483,2021-05-11 23:49:23,,0.869953844,
Mining,1.61160737,HNT2,,,,,Helium,,Block 840556,2021-05-12 01:36:26,,27.2976473741655,
Mining,0.04351472,HNT2,,,,,Helium,,Block 840622,2021-05-12 03:16:48,,0.7403513706182624,
Mining,0.73648673,HNT2,,,,,Helium,,Block 840661,2021-05-12 04:05:15,,12.552348407091499,
Mining,0.04329163,HNT2,,,,,Helium,,Block 840844,2021-05-12 06:59:35,,0.7420185382,
Mining,0.05281315,HNT2,,,,,Helium,,Block 840877,2021-05-12 07:28:32,,0.9072401346450001,
Mining,0.053613,HNT2,,,,,Helium,,Block 841112,2021-05-12 11:13:16,,0.9036471150000001,
Mining,0.26016041,HNT2,,,,,Helium,,Block 841200,2021-05-12 12:36:05,,4.374389165822,
Mining,0.27511421,HNT2,,,,,Helium,,Block 841362,2021-05-12 15:09:26,,4.610016247343687,
Mining,0.04858996,HNT2,,,,,Helium,,Block 841554,2021-05-12 18:12:15,,0.80980027336,
Mining,0.051585729999999996,HNT2,,,,,Helium,,Block 841622,2021-05-12 19:22:19,,0.84972014456,
Mining,0.06309873,HNT2,,,,,Helium,,Block 841726,2021-05-12 21:34:59,,1.0351599051420002,
Mining,1.5740000000000002e-05,HNT2,,,,,Helium,,Block 841849,2021-05-13 00:09:26,,0.00026000906,
Mining,0.0476112,HNT2,,,,,Helium,,Block 841882,2021-05-13 00:56:03,,0.7873226088,
Mining,0.64493892,HNT2,,,,,Helium,,Block 842066,2021-05-13 04:22:36,,9.8159703624,
Mining,1.706e-05,HNT2,,,,,Helium,,Block 842101,2021-05-13 04:56:35,,0.0002599944,
Mining,0.10616512,HNT2,,,,,Helium,,Block 842167,2021-05-13 05:58:59,,1.6413127552000002,
Mining,2.642e-05,HNT2,,,,,Helium,,Block 842330,2021-05-13 09:30:48,,0.0004208706,
Mining,0.05187763,HNT2,,,,,Helium,,Block 842369,2021-05-13 10:11:40,,0.8336735141,
Mining,0.22051847000000002,HNT2,,,,,Helium,,Block 842437,2021-05-13 11:49:49,,3.5525525517000003,
Mining,3.41e-05,HNT2,,,,,Helium,,Block 842485,2021-05-13 12:58:27,,0.000549952865,
Mining,0.71055177,HNT2,,,,,Helium,,Block 842519,2021-05-13 13:35:13,,11.0107457555085,
Mining,3.431e-05,HNT2,,,,,Helium,,Block 842618,2021-05-13 15:10:34,,0.00051996805,
Mining,0.05773966,HNT2,,,,,Helium,,Block 842651,2021-05-13 15:43:50,,0.876109844027,
Mining,0.6698125699999999,HNT2,,,,,Helium,,Block 842696,2021-05-13 16:30:11,,10.203603181346399,
Mining,0.03880595,HNT2,,,,,Helium,,Block 842729,2021-05-13 17:05:02,,0.59485194486575,
Mining,0.1776597,HNT2,,,,,Helium,,Block 842819,2021-05-13 18:34:44,,2.6993614818,
Mining,2.896e-05,HNT2,,,,,Helium,,Block 842855,2021-05-13 19:13:07,,0.00044001824000000004,
Mining,2.22e-05,HNT2,,,,,Helium,,Block 842963,2021-05-13 21:25:17,,0.000319974372,
Mining,0.04426634,HNT2,,,,,Helium,,Block 843035,2021-05-13 22:43:55,,0.629615647039,
Mining,1.051e-05,HNT2,,,,,Helium,,Block 843070,2021-05-13 23:18:32,,0.0001500129085,
Mining,1.041e-05,HNT2,,,,,Helium,,Block 843116,2021-05-14 00:04:35,,0.00014995605,
Mining,0.04425771999999999,HNT2,,,,,Helium,,Block 843214,2021-05-14 01:52:48,,0.6512605374781999,
Mining,0.21559457,HNT2,,,,,Helium,,Block 843327,2021-05-14 03:45:13,,3.211626071462,
Mining,0.03885279,HNT2,,,,,Helium,,Block 843454,2021-05-14 06:09:30,,0.579951711051,
Mining,3.034e-05,HNT2,,,,,Helium,,Block 843588,2021-05-14 08:26:13,,0.000449990744,
Mining,2.552e-05,HNT2,,,,,Helium,,Block 843692,2021-05-14 10:03:12,,0.00037996600399999996,
Mining,0.0887548,HNT2,,,,,Helium,,Block 843745,2021-05-14 10:59:34,,1.314458588,
Mining,2.969e-05,HNT2,,,,,Helium,,Block 843840,2021-05-14 12:38:24,,0.000450067741,
Mining,0.35505062000000004,HNT2,,,,,Helium,,Block 843890,2021-05-14 13:41:37,,5.4088056400180005,
Mining,0.63877284,HNT2,,,,,Helium,,Block 843924,2021-05-14 14:17:46,,9.731001567276,
Mining,0.03846025,HNT2,,,,,Helium,,Block 843957,2021-05-14 14:54:42,,0.5858996024750001,
Mining,0.04436088,HNT2,,,,,Helium,,Block 843997,2021-05-14 15:40:52,,0.685088359302,
Mining,3.229e-05,HNT2,,,,,Helium,,Block 844074,2021-05-14 17:25:25,,0.0005000342216999999,
Mining,0.03769565,HNT2,,,,,Helium,,Block 844115,2021-05-14 18:15:50,,0.5876751834999999,
Mining,0.12290609,HNT2,,,,,Helium,,Block 844148,2021-05-14 18:59:14,,1.91831825272,
Mining,1.463e-05,HNT2,,,,,Helium,,Block 844226,2021-05-14 20:41:01,,0.000230037731,
Mining,0.05512999,HNT2,,,,,Helium,,Block 844295,2021-05-14 22:09:02,,0.8633356433999999,
Mining,1.089e-05,HNT2,,,,,Helium,,Block 844331,2021-05-14 22:51:02,,0.00016997112000000002,
Mining,0.03517034,HNT2,,,,,Helium,,Block 844371,2021-05-14 23:39:42,,0.543381753,
Mining,1.503e-05,HNT2,,,,,Helium,,Block 844444,2021-05-15 01:04:19,,0.000229959,
Mining,1.549e-05,HNT2,,,,,Helium,,Block 844577,2021-05-15 02:58:24,,0.00023996488399999997,
Mining,2.197e-05,HNT2,,,,,Helium,,Block 844686,2021-05-15 04:33:10,,0.00034005671310000004,
Mining,0.06210977,HNT2,,,,,Helium,,Block 844720,2021-05-15 05:02:42,,0.96611747235,
Mining,1.998e-05,HNT2,,,,,Helium,,Block 844823,2021-05-15 06:37:46,,0.0003100268628,
Mining,0.04301298,HNT2,,,,,Helium,,Block 844919,2021-05-15 08:05:07,,0.6684217092,
Mining,2.267e-05,HNT2,,,,,Helium,,Block 844957,2021-05-15 08:39:17,,0.0003500248,
Mining,2.713e-05,HNT2,,,,,Helium,,Block 845070,2021-05-15 10:16:02,,0.0004120876081,
Mining,0.10943351,HNT2,,,,,Helium,,Block 845228,2021-05-15 12:28:49,,1.6391542068754001,
Mining,2.963e-05,HNT2,,,,,Helium,,Block 845313,2021-05-15 13:53:44,,0.000440041056,
Mining,0.0392709,HNT2,,,,,Helium,,Block 845349,2021-05-15 14:29:48,,0.582780156,
Mining,2.608e-05,HNT2,,,,,Helium,,Block 845429,2021-05-15 16:04:42,,0.0003899375976,
Mining,2.853e-05,HNT2,,,,,Helium,,Block 845561,2021-05-15 18:11:29,,0.00042994909709999997,
Mining,2.253e-05,HNT2,,,,,Helium,,Block 845692,2021-05-15 20:01:43,,0.00033006326085,
Mining,8.17e-06,HNT2,,,,,Helium,,Block 845816,2021-05-15 20:13:53,,0.00011999156449999999,
Mining,0.09656176,HNT2,,,,,Helium,,Block 845911,2021-05-15 21:47:48,,1.4180094456,
Mining,1.355e-05,HNT2,,,,,Helium,,Block 845959,2021-05-15 22:34:11,,0.00019998356925,
Mining,1.288e-05,HNT2,,,,,Helium,,Block 846080,2021-05-16 00:26:26,,0.000189166628,
Mining,1.309e-05,HNT2,,,,,Helium,,Block 846184,2021-05-16 01:54:34,,0.00019005403724999998,
Mining,1.552e-05,HNT2,,,,,Helium,,Block 846309,2021-05-16 03:42:52,,0.00023000640000000002,
Mining,0.05277031,HNT2,,,,,Helium,,Block 846419,2021-05-16 05:24:36,,0.78548606435,
Mining,1.143e-05,HNT2,,,,,Helium,,Block 846452,2021-05-16 05:53:53,,0.0001699437546,
Mining,0.06236196,HNT2,,,,,Helium,,Block 846486,2021-05-16 06:24:57,,0.926075106,
Mining,1.29635521,HNT2,,,,,Helium,,Block 846520,2021-05-16 06:54:47,,19.1990206601,
Mining,2.63e-05,HNT2,,,,,Helium,,Block 846554,2021-05-16 07:24:21,,0.00039002899999999996,
Mining,2.739e-05,HNT2,,,,,Helium,,Block 846694,2021-05-16 09:23:25,,0.00041002830000000005,
Mining,0.27188523,HNT2,,,,,Helium,,Block 846730,2021-05-16 09:56:37,,4.0701218931,
Mining,2.712e-05,HNT2,,,,,Helium,,Block 846810,2021-05-16 11:06:10,,0.00041183401440000005,
Mining,0.41492675,HNT2,,,,,Helium,,Block 846845,2021-05-16 11:40:38,,6.3031315129125005,
Mining,3.367e-05,HNT2,,,,,Helium,,Block 846939,2021-05-16 13:12:36,,0.0005099641365,
Mining,0.05938977,HNT2,,,,,Helium,,Block 846974,2021-05-16 13:45:34,,0.8995144869314999,
Mining,0.06658862,HNT2,,,,,Helium,,Block 847013,2021-05-16 14:19:35,,1.002158731,
Mining,4.996e-05,HNT2,,,,,Helium,,Block 847067,2021-05-16 15:08:39,,0.0007499468122,
Mining,3.584e-05,HNT2,,,,,Helium,,Block 847190,2021-05-16 16:56:22,,0.0005300187648000001,
Mining,0.07529133,HNT2,,,,,Helium,,Block 847309,2021-05-16 18:43:37,,1.09729584342,
Mining,1.919e-05,HNT2,,,,,Helium,,Block 847422,2021-05-16 20:27:30,,0.0002699946645,
Mining,0.12732062,HNT2,,,,,Helium,,Block 847500,2021-05-16 21:45:40,,1.775428751621,
Mining,1.809e-05,HNT2,,,,,Helium,,Block 847538,2021-05-16 22:22:49,,0.0002499956595,
Mining,2.16862378,HNT2,,,,,Helium,,Block 847573,2021-05-16 22:54:38,,29.431022219276198,
Mining,1.927e-05,HNT2,,,,,Helium,,Block 847666,2021-05-17 00:16:55,,0.0002699727,
Mining,2.656e-05,HNT2,,,,,Helium,,Block 847805,2021-05-17 02:20:20,,0.000369968848,
Mining,0.07644381,HNT2,,,,,Helium,,Block 847841,2021-05-17 02:51:16,,1.0556890161,
Mining,1.783e-05,HNT2,,,,,Helium,,Block 847917,2021-05-17 03:58:14,,0.00024005054985,
Mining,2.465e-05,HNT2,,,,,Helium,,Block 848046,2021-05-17 05:49:45,,0.0003199996445,
Mining,2.825e-05,HNT2,,,,,Helium,,Block 848158,2021-05-17 07:25:38,,0.00036996397749999995,
Mining,0.09963224,HNT2,,,,,Helium,,Block 848211,2021-05-17 08:15:20,,1.3554184138916,
Mining,3.243e-05,HNT2,,,,,Helium,,Block 848282,2021-05-17 09:18:49,,0.0004499733846,
Mining,2.944e-05,HNT2,,,,,Helium,,Block 848410,2021-05-17 11:09:32,,0.0004099444928,
Mining,3.471e-05,HNT2,,,,,Helium,,Block 848522,2021-05-17 12:46:55,,0.0004800063255,
Mining,0.09339133,HNT2,,,,,Helium,,Block 848632,2021-05-17 14:27:51,,1.30234209685,
Mining,2.952e-05,HNT2,,,,,Helium,,Block 848677,2021-05-17 15:10:24,,0.00041000475599999996,
Mining,0.09819493,HNT2,,,,,Helium,,Block 848870,2021-05-17 18:57:42,,1.3549967488165,
Mining,0.08797717999999999,HNT2,,,,,Helium,,Block 848945,2021-05-17 20:44:04,,1.2739095664,
Mining,1.372e-05,HNT2,,,,,Helium,,Block 849047,2021-05-17 22:40:00,,0.0001999815538,
Mining,1.25654031,HNT2,,,,,Helium,,Block 849171,2021-05-18 00:55:03,,17.7297837741,
Mining,0.6811105,HNT2,,,,,Helium,,Block 849442,2021-05-18 04:55:14,,10.240152406697499,
Mining,2.21269845,HNT2,,,,,Helium,,Block 849725,2021-05-18 09:02:38,,33.49274242176225,
Mining,0.11356165,HNT2,,,,,Helium,,Block 849843,2021-05-18 10:45:32,,1.6940110570232498,
Mining,1.67183589,HNT2,,,,,Helium,,Block 849876,2021-05-18 11:16:49,,25.02914706016395,
Mining,2.0952314800000003,HNT2,,,,,Helium,,Block 850216,2021-05-18 16:24:05,,31.527702362892803,
Mining,2.9607079599999997,HNT2,,,,,Helium,,Block 850366,2021-05-18 20:18:21,,49.59141422380599,
Mining,0.99952054,HNT2,,,,,Helium,,Block 850619,2021-05-19 00:26:46,,16.721828706119,
Mining,0.10951166,HNT2,,,,,Helium,,Block 850884,2021-05-19 04:23:17,,1.7345852984465,
Mining,0.13775712,HNT2,,,,,Helium,,Block 850962,2021-05-19 05:34:09,,2.1517662144000003,
Mining,0.53714494,HNT2,,,,,Helium,,Block 851271,2021-05-19 10:33:08,,7.8664876463,
Mining,1.4409434600000002,HNT2,,,,,Helium,,Block 851321,2021-05-19 11:20:04,,20.880012821281902,
Mining,0.10046842,HNT2,,,,,Helium,,Block 851364,2021-05-19 11:58:24,,1.433659236295,
Mining,9.38e-06,HNT2,,,,,Helium,,Block 851432,2021-05-19 13:00:41,,0.0001300537,
Mining,0.11898475,HNT2,,,,,Helium,,Block 851471,2021-05-19 13:37:00,,1.5475882391975,
Mining,1.484e-05,HNT2,,,,,Helium,,Block 851543,2021-05-19 14:39:38,,0.0001500324,
Mining,0.25538204000000003,HNT2,,,,,Helium,,Block 851662,2021-05-19 16:36:41,,3.5019262235000004,
Mining,1.107e-05,HNT2,,,,,Helium,,Block 851703,2021-05-19 17:15:07,,0.0001599975882,
Mining,1.766e-05,HNT2,,,,,Helium,,Block 851925,2021-05-19 21:35:27,,0.0002400968832,
Mining,2.6623487,HNT2,,,,,Helium,,Block 851964,2021-05-19 22:13:14,,35.506546554985,
Mining,0.09729551,HNT2,,,,,Helium,,Block 852033,2021-05-19 23:37:53,,1.2927313879415,
Mining,0.07670947,HNT2,,,,,Helium,,Block 852093,2021-05-20 00:36:55,,1.00451050965,
Mining,1.12110838,HNT2,,,,,Helium,,Block 852128,2021-05-20 01:15:41,,14.204241375091598,
Mining,2.392e-05,HNT2,,,,,Helium,,Block 852162,2021-05-20 01:57:23,,0.0002999931584,
Mining,4.033e-05,HNT2,,,,,Helium,,Block 852195,2021-05-20 02:33:46,,0.00044997229580000003,
Mining,2.262e-05,HNT2,,,,,Helium,,Block 852322,2021-05-20 04:41:28,,0.00026995386600000003,
Mining,2.083e-05,HNT2,,,,,Helium,,Block 852442,2021-05-20 06:32:18,,0.00026008650449999997,
Mining,1.8919892600000001,HNT2,,,,,Helium,,Block 852572,2021-05-20 09:40:36,,24.2074917445998,
Mining,0.08087809,HNT2,,,,,Helium,,Block 852642,2021-05-20 11:12:42,,1.0061533644933,
Mining,1.8860000000000002e-05,HNT2,,,,,Helium,,Block 852685,2021-05-20 12:17:31,,0.00023009200000000002,
Mining,2.316e-05,HNT2,,,,,Helium,,Block 852843,2021-05-20 15:51:32,,0.0003101124,
Mining,0.10479985,HNT2,,,,,Helium,,Block 852954,2021-05-20 17:50:20,,1.353207103155,
Mining,0.06483742,HNT2,,,,,Helium,,Block 853023,2021-05-20 19:11:19,,0.8376994664,
Mining,6.97e-06,HNT2,,,,,Helium,,Block 853062,2021-05-20 20:02:00,,9.00563032e-05,
Mining,0.08299636,HNT2,,,,,Helium,,Block 853320,2021-05-21 00:44:45,,1.1071894932783366,
Mining,3.72e-06,HNT2,,,,,Helium,,Block 853421,2021-05-21 02:25:55,,5.0026560000000004e-05,
Mining,0.09310128,HNT2,,,,,Helium,,Block 853466,2021-05-21 03:10:36,,1.280822239344,
Mining,3.63e-06,HNT2,,,,,Helium,,Block 853579,2021-05-21 05:02:08,,4.9938999e-05,
Mining,0.07569098,HNT2,,,,,Helium,,Block 853652,2021-05-21 06:12:43,,1.041303519154,
Mining,0.07869806000000001,HNT2,,,,,Helium,,Block 853687,2021-05-21 06:50:24,,1.0826728208380003,
Mining,8.76e-06,HNT2,,,,,Helium,,Block 853816,2021-05-21 09:11:37,,0.0001299984,
Mining,3.31e-06,HNT2,,,,,Helium,,Block 853893,2021-05-21 10:26:30,,4.99479e-05,
Mining,9.25e-06,HNT2,,,,,Helium,,Block 853937,2021-05-21 11:16:10,,0.0001399821,
Mining,0.05640982,HNT2,,,,,Helium,,Block 853975,2021-05-21 11:52:10,,0.853661088024,
Mining,1.32e-06,HNT2,,,,,Helium,,Block 854124,2021-05-21 14:37:07,,1.9975824000000002e-05,
Mining,1.838e-05,HNT2,,,,,Helium,,Block 854163,2021-05-21 15:28:32,,0.00029009429699999997,
Mining,0.07344834,HNT2,,,,,Helium,,Block 854213,2021-05-21 16:37:51,,1.087927829331,
Mining,3.44e-06,HNT2,,,,,Helium,,Block 854259,2021-05-21 17:34:11,,4.99488e-05,
Mining,2.0039999999999998e-05,HNT2,,,,,Helium,,Block 854307,2021-05-21 18:36:29,,0.00029991851615279995,
Mining,5.99e-06,HNT2,,,,,Helium,,Block 854340,2021-05-21 19:16:14,,8.99503325e-05,
Mining,3.4e-06,HNT2,,,,,Helium,,Block 854373,2021-05-21 20:07:28,,4.998e-05,
Mining,4.08e-06,HNT2,,,,,Helium,,Block 854411,2021-05-21 20:53:24,,5.9975999999999996e-05,
Mining,3.7e-06,HNT2,,,,,Helium,,Block 854531,2021-05-21 23:01:00,,4.995e-05,
Mining,0.07490681,HNT2,,,,,Helium,,Block 854571,2021-05-21 23:45:12,,1.0442009314,
Mining,0.09143172000000001,HNT2,,,,,Helium,,Block 854680,2021-05-22 01:36:41,,1.2421822047480002,
Mining,0.08080071999999999,HNT2,,,,,Helium,,Block 854799,2021-05-22 03:46:19,,1.093613504984,
Mining,4.72e-06,HNT2,,,,,Helium,,Block 854902,2021-05-22 05:43:09,,5.9943999999999994e-05,
Mining,1.1370000000000001e-05,HNT2,,,,,Helium,,Block 855014,2021-05-22 07:49:08,,0.0001399647,
Mining,1.146e-05,HNT2,,,,,Helium,,Block 855047,2021-05-22 08:21:05,,0.0001400823177924,
Mining,8.73e-06,HNT2,,,,,Helium,,Block 855163,2021-05-22 10:11:22,,0.00010999799999999999,
Mining,7.8e-07,HNT2,,,,,Helium,,Block 855295,2021-05-22 12:18:56,,1.00074e-05,
Mining,4.3520000000000003e-05,HNT2,,,,,Helium,,Block 855477,2021-05-22 15:56:29,,0.0005600762880000001,
Mining,0.25685489,HNT2,,,,,Helium,,Block 855522,2021-05-22 17:16:30,,3.2132546739,
Mining,0.13742624,HNT2,,,,,Helium,,Block 855593,2021-05-22 19:15:09,,1.653320122944,
Mining,8.34e-06,HNT2,,,,,Helium,,Block 855644,2021-05-22 20:12:27,,0.00010001995200000001,
Mining,0.07770996,HNT2,,,,,Helium,,Block 855712,2021-05-22 21:39:18,,0.9348508187999999,
Mining,3.19e-06,HNT2,,,,,Helium,,Block 855794,2021-05-22 23:09:07,,4.0002599999999995e-05,
Mining,9.03e-06,HNT2,,,,,Helium,,Block 855906,2021-05-23 00:58:50,,0.0001100539951308,
Mining,1.36431228,HNT2,,,,,Helium,,Block 855949,2021-05-23 01:39:18,,16.5354648336,
Mining,4.01e-06,HNT2,,,,,Helium,,Block 856026,2021-05-23 02:56:18,,5.00542235e-05,
Mining,0.07403302,HNT2,,,,,Helium,,Block 856075,2021-05-23 03:43:18,,0.8958735750200001,
Mining,0.08367009,HNT2,,,,,Helium,,Block 856165,2021-05-23 05:15:49,,1.0110810704954882,
Mining,0.08885129,HNT2,,,,,Helium,,Block 856209,2021-05-23 05:58:51,,1.062030584241,
Mining,8.4e-06,HNT2,,,,,Helium,,Block 856281,2021-05-23 07:18:02,,9.994714514399999e-05,
Mining,1.445e-05,HNT2,,,,,Helium,,Block 856388,2021-05-23 09:28:53,,0.00015995558995000002,
Mining,1.866e-05,HNT2,,,,,Helium,,Block 856516,2021-05-23 12:31:25,,0.0002000379945216,
Mining,1.434e-05,HNT2,,,,,Helium,,Block 856656,2021-05-23 15:38:24,,0.0001399584,
Mining,6.46e-06,HNT2,,,,,Helium,,Block 856757,2021-05-23 17:42:40,,5.99787098e-05,
Mining,5.24e-06,HNT2,,,,,Helium,,Block 856905,2021-05-23 20:35:52,,4.9985932e-05,
Mining,3.78e-06,HNT2,,,,,Helium,,Block 857030,2021-05-23 22:59:02,,4.0603467618e-05,
Mining,8.2e-06,HNT2,,,,,Helium,,Block 857136,2021-05-24 00:49:41,,8.998040399999999e-05,
Mining,0.09120826,HNT2,,,,,Helium,,Block 857181,2021-05-24 01:31:29,,1.154906350598,
Mining,0.09569006999999999,HNT2,,,,,Helium,,Block 857263,2021-05-24 02:49:23,,1.1664619532999998,
Mining,0.47028794,HNT2,,,,,Helium,,Block 857330,2021-05-24 03:49:56,,5.9820625968000005,
Mining,1.0441871200000001,HNT2,,,,,Helium,,Block 857418,2021-05-24 05:10:15,,14.315805415200003,
Mining,1.136e-05,HNT2,,,,,Helium,,Block 857505,2021-05-24 06:37:24,,0.0001599488,
Mining,1.31636997,HNT2,,,,,Helium,,Block 857541,2021-05-24 07:29:11,,19.1644380267435,
Mining,9.77e-06,HNT2,,,,,Helium,,Block 857645,2021-05-24 09:27:58,,0.00013997479,
Mining,0.09888007,HNT2,,,,,Helium,,Block 857757,2021-05-24 11:18:14,,1.408892677395,
Mining,1.41e-05,HNT2,,,,,Helium,,Block 857805,2021-05-24 12:17:21,,0.00019996605900000002,
Mining,0.0673481,HNT2,,,,,Helium,,Block 857865,2021-05-24 13:25:25,,0.9553125940699999,
Mining,1.048e-05,HNT2,,,,,Helium,,Block 857903,2021-05-24 14:09:03,,0.0001500674593488,
Mining,1.14463609,HNT2,,,,,Helium,,Block 857984,2021-05-24 15:42:09,,16.400918215565003,
Mining,9.13e-06,HNT2,,,,,Helium,,Block 858023,2021-05-24 16:24:48,,0.0001300112,
Mining,5.84e-06,HNT2,,,,,Helium,,Block 858138,2021-05-24 18:24:58,,8.005328920000001e-05,
Mining,0.08247191,HNT2,,,,,Helium,,Block 858295,2021-05-24 21:12:11,,1.1273910097,
Mining,0.07223199,HNT2,,,,,Helium,,Block 858465,2021-05-25 00:07:57,,0.9599631470999999,
Mining,5.93e-06,HNT2,,,,,Helium,,Block 858550,2021-05-25 01:39:29,,8.066638299999999e-05,
Mining,1.32249474,HNT2,,,,,Helium,,Block 858626,2021-05-25 02:53:34,,18.429149351163602,
Mining,7.26e-06,HNT2,,,,,Helium,,Block 858660,2021-05-25 03:27:33,,9.67758e-05,
Mining,2.28e-06,HNT2,,,,,Helium,,Block 858795,2021-05-25 05:29:51,,3.0027600000000004e-05,
Mining,0.25535059,HNT2,,,,,Helium,,Block 858830,2021-05-25 06:04:55,,3.4089303765,
Mining,0.07062144,HNT2,,,,,Helium,,Block 858865,2021-05-25 06:37:59,,0.9427962239999998,
Mining,0.07773178,HNT2,,,,,Helium,,Block 858904,2021-05-25 07:13:49,,1.0384965808,
Mining,1.069e-05,HNT2,,,,,Helium,,Block 859023,2021-05-25 09:10:13,,0.0001499807,
Mining,9.42e-06,HNT2,,,,,Helium,,Block 859177,2021-05-25 11:55:00,,0.000129985638,
Mining,1.707e-05,HNT2,,,,,Helium,,Block 859300,2021-05-25 14:35:24,,0.0002202731522376,
Mining,0.15387967,HNT2,,,,,Helium,,Block 859413,2021-05-25 16:55:38,,2.1078968081461498,
Mining,1.16654674,HNT2,,,,,Helium,,Block 859555,2021-05-25 19:49:12,,16.5416327732,
Mining,2.24e-06,HNT2,,,,,Helium,,Block 859658,2021-05-25 22:24:45,,2.9993600000000004e-05,
Mining,0.21370644,HNT2,,,,,Helium,,Block 859737,2021-05-26 00:20:33,,2.9769307092,
Mining,5.04e-06,HNT2,,,,,Helium,,Block 859777,2021-05-26 01:08:08,,7.00453679688e-05,
Mining,0.06529497,HNT2,,,,,Helium,,Block 859860,2021-05-26 02:48:31,,0.9536177454209757,
Mining,6.86e-06,HNT2,,,,,Helium,,Block 859928,2021-05-26 04:08:24,,0.00010005826160120001,
Mining,0.56462035,HNT2,,,,,Helium,,Block 859967,2021-05-26 04:49:51,,8.2942729415,
Mining,0.08004969,HNT2,,,,,Helium,,Block 860001,2021-05-26 05:26:43,,1.1831304157155,
Mining,3.46e-06,HNT2,,,,,Helium,,Block 860059,2021-05-26 06:40:57,,5.005992705459999e-05,
Mining,3.36e-06,HNT2,,,,,Helium,,Block 860176,2021-05-26 08:33:01,,5.00304e-05,
Mining,0.06077715,HNT2,,,,,Helium,,Block 860294,2021-05-26 10:35:53,,0.90273516438,
Mining,1.279e-05,HNT2,,,,,Helium,,Block 860392,2021-05-26 12:34:44,,0.00018997242799999997,
Mining,1.274e-05,HNT2,,,,,Helium,,Block 860433,2021-05-26 13:26:01,,0.0001900275468,
Mining,0.08015268,HNT2,,,,,Helium,,Block 860512,2021-05-26 14:45:51,,1.18018224734436,
Mining,9.72e-06,HNT2,,,,,Helium,,Block 860566,2021-05-26 15:37:51,,0.000139957308,
Mining,4.84e-06,HNT2,,,,,Helium,,Block 860652,2021-05-26 17:32:32,,7.000963200000001e-05,
Mining,4.86e-06,HNT2,,,,,Helium,,Block 860791,2021-05-26 21:17:45,,7.0013646e-05,
Mining,7.37e-06,HNT2,,,,,Helium,,Block 860888,2021-05-26 23:15:51,,0.00010994315419999999,
Mining,7.44e-06,HNT2,,,,,Helium,,Block 860928,2021-05-27 00:01:25,,0.000109994450604,
Mining,3.39e-06,HNT2,,,,,Helium,,Block 861010,2021-05-27 02:08:05,,5.07314856e-05,
Mining,3.46e-06,HNT2,,,,,Helium,,Block 861071,2021-05-27 03:24:46,,4.9996999999999996e-05,
Mining,5.71e-06,HNT2,,,,,Helium,,Block 861156,2021-05-27 05:20:21,,8.00542e-05,
Mining,3.55e-06,HNT2,,,,,Helium,,Block 861259,2021-05-27 07:22:16,,4.9996567e-05,
Mining,3.54e-06,HNT2,,,,,Helium,,Block 861298,2021-05-27 07:59:50,,4.9944089999999994e-05,
Mining,1.013e-05,HNT2,,,,,Helium,,Block 861382,2021-05-27 09:19:42,,0.0001500456613,